<?xml version="1.0" encoding="UTF-8"?>
<beans:beans xmlns="http://www.springframework.org/schema/security"
	xmlns:beans="http://www.springframework.org/schema/beans" 
	xmlns:xsi="http://www.w3.org/2001/XMLSchema-instance"
	xsi:schemaLocation="http://www.springframework.org/schema/beans
	http://www.springframework.org/schema/beans/spring-beans-3.0.xsd
	http://www.springframework.org/schema/security
	http://www.springframework.org/schema/security/spring-security-3.2.xsd">

	<http auto-config="false" use-expressions="true" disable-url-rewriting="true">
		<!-- <intercept-url pattern="/admin**" access="ROLE_USER" /> -->
		<access-denied-handler error-page="/access-denied" />
		<form-login 
		    login-page="/login"
			username-parameter="j_username"
			password-parameter="j_password"
			login-processing-url="/j_spring_security_check"
			authentication-success-handler-ref="customSuccessHandler"
			authentication-failure-url="/login?incorrectAccount"/>
		<session-management invalid-session-url="/login?sessionTimeout" />
		<logout delete-cookies="JSESSIONID" />
	</http>

 	<authentication-manager>
		<authentication-provider user-service-ref="customUserDetailsService">
		  	<password-encoder ref="bcryptEncoder"/>
		</authentication-provider>
	</authentication-manager>
	
	<beans:bean id="bcryptEncoder" class="org.springframework.security.crypto.bcrypt.BCryptPasswordEncoder" />
	<beans:bean id="customUserDetailsService" class="fa.training.service.CustomUserDetailsService" />
	<beans:bean id="customSuccessHandler" class="fa.training.security.customSuccessHandler" />

</beans:beans>